start_year,end_year,region,region_type,strata_included,strata_excluded,trend,trend_q_0.025,trend_q_0.05,trend_q_0.25,trend_q_0.75,trend_q_0.95,trend_q_0.975,percent_change,percent_change_q_0.025,percent_change_q_0.05,percent_change_q_0.25,percent_change_q_0.75,percent_change_q_0.95,percent_change_q_0.975,width_of_95_percent_credible_interval,rel_abundance,obs_rel_abundance,n_routes,mean_n_routes,n_strata_included,backcast_flag,trends,species
2010,2025,Alberta,survey_region,49_-114 ; 50_-114 ; 51_-114 ; 51_-115 ; 53_-113 ; 53_-114 ; 54_-110 ; 54_-111 ; 54_-113 ; 55_-114 ; 55_-119 ; 56_-116 ; 56_-117,,-2.90017207942298,-7.710521781539051,-6.936078777992194,-4.560358234720066,-1.2415031577176494,1.728243189848763,2.8118763627054553,-35.69023772150375,-69.98883439371885,-65.98110367800271,-50.348540846432854,-17.088061803796283,29.307337323471238,51.58260766630889,10.522398144244507,4.572210334231446e-5,0.0013448045754367694,30,16.8125,13,1,-4:-2 %,Boreal Owl
2010,2025,British Columbia,survey_region,49_-117 ; 49_-119 ; 50_-115 ; 50_-119 ; 51_-120 ; 53_-122 ; 53_-123 ; 54_-123 ; 54_-127 ; 55_-123 ; 58_-123,,-3.5899966267193717,-9.784637653148176,-8.709574349659821,-5.694770971286511,-1.4379415582327526,1.9496107217850585,3.297882279135308,-42.21282402678401,-78.65933924442656,-74.50948255253864,-58.50109502289298,-19.527688385945286,33.59296725473391,62.69390130004726,13.082519932283484,0.0013449816839369657,0.0011090190309814734,17,7.4375,11,1,-4:-2 %,Boreal Owl
2010,2025,Manitoba,survey_region,49_-95 ; 49_-96 ; 50_-95 ; 50_-96 ; 50_-97 ; 51_-96 ; 53_-101 ; 54_-101 ; 55_-97,,-4.517892017433073,-8.032639709627269,-7.4976688411786565,-5.722428218158035,-3.1815486907210198,-1.3014717263447746,-0.5959300377291339,-50.01611863952932,-71.52224003562208,-68.93365468812769,-58.68328120695405,-38.429600334118355,-17.840049796417212,-8.575508894618288,7.436709671898135,0.0026341715865384617,0.0012460468511191081,48,24.8125,9,1,-7:-4 %,Boreal Owl
2010,2025,Maritimes,survey_region,44_-63 ; 45_-61 ; 45_-63 ; 45_-64 ; 45_-65 ; 45_-66 ; 45_-67 ; 46_-62 ; 46_-63 ; 46_-64 ; 46_-65 ; 46_-67 ; 47_-65,,-1.2328414294754952,-9.835429620111412,-7.633556529449327,-3.6086491362642112,0.8866890997420385,4.109399165549517,4.975565182104645,-16.97891657360413,-78.8388743049439,-69.6112123203586,-42.380298617287615,14.158445530183773,82.95704942658048,107.16831139309471,14.810994802216058,1.8506487205929487e-10,0.001234878585691369,26,17.8125,13,1,-2:-1 %,Boreal Owl
2010,2025,Ontario,survey_region,44_-76 ; 44_-78 ; 44_-79 ; 45_-76 ; 45_-77 ; 45_-79 ; 45_-80 ; 45_-82 ; 46_-79 ; 46_-80 ; 46_-82 ; 46_-83 ; 47_-79 ; 47_-80 ; 47_-83 ; 48_-80 ; 48_-81 ; 48_-82 ; 48_-85 ; 48_-86 ; 48_-87 ; 48_-88 ; 48_-89 ; 48_-90 ; 48_-91 ; 48_-92 ; 48_-93 ; 48_-94 ; 49_-80 ; 49_-82 ; 49_-85 ; 49_-86 ; 49_-87 ; 49_-88 ; 49_-91 ; 49_-92 ; 49_-93 ; 49_-94 ; 50_-89 ; 50_-91 ; 50_-92 ; 50_-93 ; 51_-89 ; 51_-93 ; 52_-91,,-7.3912837375302125,-10.744765737070397,-10.22878882611816,-8.580172754114685,-6.229140331363733,-4.500234792163907,-3.9327215458893967,-68.39338601862161,-81.82370289206723,-80.1821617635221,-73.96210062767933,-61.891797048218336,-49.87728837735157,-45.21870271705083,6.812044191181,0.0010189706146476708,0.0010195944781991992,117,62.3125,45,1,< -7 %,Boreal Owl
2010,2025,Quebec,survey_region,45_-74 ; 46_-78 ; 48_-79 ; 49_-68 ; 50_-65 ; 50_-66,,-3.4566165048575903,-10.731398006257365,-9.186680391553635,-5.541732895974782,-1.589817775197913,1.1451155991402289,2.0288377086339056,-41.00193929884036,-81.7828136215034,-76.43630517865722,-57.4793753651486,-21.36777951757214,18.624323436256397,35.158730701726526,12.76023571489127,7.311379200896368e-5,8.942169692629864e-4,9,5.75,6,1,-4:-2 %,Boreal Owl
2010,2025,Saskatchewan,survey_region,51_-102 ; 53_-105 ; 53_-106 ; 54_-102 ; 54_-106,,-4.2504449437599785,-10.024088758955473,-9.025207359083975,-6.2277385020133185,-2.3144839356824267,0.7962662270270611,1.7197192872165525,-47.87434328883485,-79.49338192526147,-75.799958036869,-61.88325122824605,-29.61945443134687,12.63327068720821,29.144912492999488,11.743808046172026,3.2506079034241457e-4,6.158978428081833e-4,5,2,5,1,-7:-4 %,Boreal Owl
2010,2025,Yukon,survey_region,60_-134 ; 60_-135 ; 60_-136 ; 60_-137 ; 61_-136 ; 62_-136 ; 63_-135,,-5.180885570644877,-11.67027457736203,-10.443966345602501,-7.28292098365459,-2.8649751830866794,1.0967852364693367,2.9915062930718577,-54.97658384046225,-84.45453401160395,-80.88285561862772,-67.83406937022585,-35.33968255387154,17.776918836877044,55.60415065516282,14.661780870433887,0.008853758980235044,0.001251787494605963,12,5.25,7,1,-7:-4 %,Boreal Owl
2010,2025,survey_wide,survey_wide,44_-63 ; 44_-76 ; 44_-78 ; 44_-79 ; 45_-61 ; 45_-63 ; 45_-64 ; 45_-65 ; 45_-66 ; 45_-67 ; 45_-74 ; 45_-76 ; 45_-77 ; 45_-79 ; 45_-80 ; 45_-82 ; 46_-62 ; 46_-63 ; 46_-64 ; 46_-65 ; 46_-67 ; 46_-78 ; 46_-79 ; 46_-80 ; 46_-82 ; 46_-83 ; 47_-65 ; 47_-79 ; 47_-80 ; 47_-83 ; 48_-79 ; 48_-80 ; 48_-81 ; 48_-82 ; 48_-85 ; 48_-86 ; 48_-87 ; 48_-88 ; 48_-89 ; 48_-90 ; 48_-91 ; 48_-92 ; 48_-93 ; 48_-94 ; 49_-114 ; 49_-117 ; 49_-119 ; 49_-68 ; 49_-80 ; 49_-82 ; 49_-85 ; 49_-86 ; 49_-87 ; 49_-88 ; 49_-91 ; 49_-92 ; 49_-93 ; 49_-94 ; 49_-95 ; 49_-96 ; 50_-114 ; 50_-115 ; 50_-119 ; 50_-65 ; 50_-66 ; 50_-89 ; 50_-91 ; 50_-92 ; 50_-93 ; 50_-95 ; 50_-96 ; 50_-97 ; 51_-102 ; 51_-114 ; 51_-115 ; 51_-120 ; 51_-89 ; 51_-93 ; 51_-96 ; 52_-91 ; 53_-101 ; 53_-105 ; 53_-106 ; 53_-113 ; 53_-114 ; 53_-122 ; 53_-123 ; 54_-101 ; 54_-102 ; 54_-106 ; 54_-110 ; 54_-111 ; 54_-113 ; 54_-123 ; 54_-127 ; 55_-114 ; 55_-119 ; 55_-123 ; 55_-97 ; 56_-116 ; 56_-117 ; 58_-123 ; 60_-134 ; 60_-135 ; 60_-136 ; 60_-137 ; 61_-136 ; 62_-136 ; 63_-135,,-4.9623178902111205,-9.10392857313087,-8.417963097449464,-6.355189849844096,-3.4170879286136686,-0.7513036050387262,0.530326395527969,-53.394460735233395,-76.11217006504106,-73.2604261145417,-62.65300161179839,-40.63855835632306,-10.695741882237309,8.257102839591223,9.634254968658839,0.0022467028475730098,0.0014129832425181042,264,142.1875,109,1,-7:-4 %,Boreal Owl
1995,2025,Alberta,survey_region,49_-114 ; 50_-114 ; 51_-114 ; 51_-115 ; 53_-113 ; 53_-114 ; 54_-110 ; 54_-111 ; 54_-113 ; 55_-114 ; 55_-119 ; 56_-116 ; 56_-117,,3.6080536457843038,-4.351669336643372,-3.012361938151524,0.8840544829811059,6.658093393153786,11.34828351818892,12.790331001849694,189.6046016082785,-73.6778151841342,-60.05231729554813,30.21949484360762,591.5355957535396,2414.8156256682983,3599.612821103646,17.142000338493066,4.13086689418308e-5,0.001273970864721723,30,13.709677419354838,13,1,2:4 %,Boreal Owl
1995,2025,British Columbia,survey_region,49_-117 ; 49_-119 ; 50_-115 ; 50_-119 ; 51_-120 ; 53_-122 ; 53_-123 ; 54_-123 ; 54_-127 ; 55_-123 ; 58_-123,,2.651481509757081,-5.778252265554722,-4.390504246900056,-0.3262921002960939,6.026151670798724,11.342881867576976,12.722556167514355,119.25861021016217,-83.22992947787785,-73.99653343851857,-9.339430186936537,478.6156970852673,2411.156355545988,3533.505836541374,18.50080843306908,0.0013157877532900468,0.001203183805715661,17,7.967741935483871,11,1,2:4 %,Boreal Owl
1995,2025,Manitoba,survey_region,49_-95 ; 49_-96 ; 50_-95 ; 50_-96 ; 50_-97 ; 51_-96 ; 53_-101 ; 54_-101 ; 55_-97,,-2.2294368461478253,-6.405763244980571,-5.674604231703748,-3.591968493059075,-0.8019916514584668,1.4385166316373332,2.1795694760606317,-49.15555588016194,-86.27623532822706,-82.66758447387306,-66.62690668721625,-21.460418935856683,53.49233495957662,90.95105939866559,8.585332721041203,0.003151737739247312,0.001468190996814424,48,20.258064516129032,9,1,-4:-2 %,Boreal Owl
1995,2025,Maritimes,survey_region,44_-63 ; 45_-61 ; 45_-63 ; 45_-64 ; 45_-65 ; 45_-66 ; 45_-67 ; 46_-62 ; 46_-63 ; 46_-64 ; 46_-65 ; 46_-67 ; 47_-65,,-3.500931103297317,-11.924296821632636,-10.285372567884847,-5.987758891574144,-0.5839598652492256,4.556106575390361,6.629525045503503,-65.66842788010516,-97.78341904342611,-96.14612398868888,-84.31327765587959,-16.113162931865045,280.6144221338064,586.0011379792461,18.55382186713614,2.712138813551144e-10,0.0016103572193681803,26,15.193548387096774,13,1,-4:-2 %,Boreal Owl
1995,2025,Ontario,survey_region,44_-76 ; 44_-78 ; 44_-79 ; 45_-76 ; 45_-77 ; 45_-79 ; 45_-80 ; 45_-82 ; 46_-79 ; 46_-80 ; 46_-82 ; 46_-83 ; 47_-79 ; 47_-80 ; 47_-83 ; 48_-80 ; 48_-81 ; 48_-82 ; 48_-85 ; 48_-86 ; 48_-87 ; 48_-88 ; 48_-89 ; 48_-90 ; 48_-91 ; 48_-92 ; 48_-93 ; 48_-94 ; 49_-80 ; 49_-82 ; 49_-85 ; 49_-86 ; 49_-87 ; 49_-88 ; 49_-91 ; 49_-92 ; 49_-93 ; 49_-94 ; 50_-89 ; 50_-91 ; 50_-92 ; 50_-93 ; 51_-89 ; 51_-93 ; 52_-91,,-5.635022304554388,-8.06139419297767,-7.586554385475176,-6.367491826845638,-4.8765222459133835,-3.7753824645030782,-3.4501351705424903,-82.4480549225562,-91.96589587672331,-90.6231947624385,-86.10688209666677,-77.68321666122766,-68.48002893810599,-65.12211802072333,4.6112590224351795,0.0015584883131539572,0.001350321179214714,117,67.41935483870968,45,1,-7:-4 %,Boreal Owl
1995,2025,Quebec,survey_region,45_-74 ; 46_-78 ; 48_-79 ; 49_-68 ; 50_-65 ; 50_-66,,-3.3240856661585494,-11.038621299770792,-9.486663672680837,-5.578956566370336,-1.1808308617616003,2.108646068490244,3.535430989717885,-63.72990838807944,-97.00742399132926,-94.97220919525323,-82.13249465181059,-29.97776597979366,87.01460675824191,183.576354791822,14.574052289488677,9.754533910722149e-5,0.001006308939202532,9,5.129032258064516,6,1,-4:-2 %,Boreal Owl
1995,2025,Saskatchewan,survey_region,51_-102 ; 53_-105 ; 53_-106 ; 54_-102 ; 54_-106,,0.4249866648343814,-6.639457672979713,-5.399318519104829,-1.896365708736708,3.1088923448674093,7.164383846316897,8.612401361677463,13.567350411734447,-87.26787249826779,-81.08405673426616,-43.694224982427066,150.54380221879117,697.1027549067768,1092.2916376456037,15.251859034657176,3.345208872878412e-4,0.001012598000748464,5,2,5,1,-0.5:0.5 %,Boreal Owl
1995,2025,Yukon,survey_region,60_-134 ; 60_-135 ; 60_-136 ; 60_-137 ; 61_-136 ; 62_-136 ; 63_-135,,1.8221619365740405,-9.617267532801131,-7.4620302957453495,-2.2016685046337137,6.160330919497986,13.17184064782273,15.306747327309767,71.8974440014513,-95.18529804025422,-90.23664631656396,-48.72054916931295,500.9909376111019,3994.0350954071087,7072.044833108936,24.924014860110898,0.00922566233349876,0.001217976607627576,12,4.580645161290323,7,1,1:2 %,Boreal Owl
1995,2025,survey_wide,survey_wide,44_-63 ; 44_-76 ; 44_-78 ; 44_-79 ; 45_-61 ; 45_-63 ; 45_-64 ; 45_-65 ; 45_-66 ; 45_-67 ; 45_-74 ; 45_-76 ; 45_-77 ; 45_-79 ; 45_-80 ; 45_-82 ; 46_-62 ; 46_-63 ; 46_-64 ; 46_-65 ; 46_-67 ; 46_-78 ; 46_-79 ; 46_-80 ; 46_-82 ; 46_-83 ; 47_-65 ; 47_-79 ; 47_-80 ; 47_-83 ; 48_-79 ; 48_-80 ; 48_-81 ; 48_-82 ; 48_-85 ; 48_-86 ; 48_-87 ; 48_-88 ; 48_-89 ; 48_-90 ; 48_-91 ; 48_-92 ; 48_-93 ; 48_-94 ; 49_-114 ; 49_-117 ; 49_-119 ; 49_-68 ; 49_-80 ; 49_-82 ; 49_-85 ; 49_-86 ; 49_-87 ; 49_-88 ; 49_-91 ; 49_-92 ; 49_-93 ; 49_-94 ; 49_-95 ; 49_-96 ; 50_-114 ; 50_-115 ; 50_-119 ; 50_-65 ; 50_-66 ; 50_-89 ; 50_-91 ; 50_-92 ; 50_-93 ; 50_-95 ; 50_-96 ; 50_-97 ; 51_-102 ; 51_-114 ; 51_-115 ; 51_-120 ; 51_-89 ; 51_-93 ; 51_-96 ; 52_-91 ; 53_-101 ; 53_-105 ; 53_-106 ; 53_-113 ; 53_-114 ; 53_-122 ; 53_-123 ; 54_-101 ; 54_-102 ; 54_-106 ; 54_-110 ; 54_-111 ; 54_-113 ; 54_-123 ; 54_-127 ; 55_-114 ; 55_-119 ; 55_-123 ; 55_-97 ; 56_-116 ; 56_-117 ; 58_-123 ; 60_-134 ; 60_-135 ; 60_-136 ; 60_-137 ; 61_-136 ; 62_-136 ; 63_-135,,-1.898564510932027,-8.095755949057253,-6.272549521105014,-3.1939917844848758,-0.7692626594012764,0.9186578874185246,1.6223173750967097,-43.73207886295275,-92.05547606447826,-85.67798532767446,-62.236740116607194,-20.679296976095774,31.566095704929253,62.05888422805028,9.718073324153963,0.0025771804171926867,0.001541713729938939,264,136.25806451612902,109,1,-2:-1 %,Boreal Owl
2010,2025,Alberta,survey_region,50_-114 ; 51_-114 ; 52_-112 ; 52_-113 ; 52_-114 ; 52_-115 ; 53_-111 ; 53_-112 ; 53_-113 ; 53_-114 ; 53_-116 ; 54_-110 ; 54_-111 ; 54_-112 ; 54_-113 ; 55_-114 ; 55_-119 ; 56_-116 ; 56_-117 ; 56_-118,,-8.964995287664095,-12.615015746208691,-11.904980861557526,-10.172140219511075,-7.727573764129463,-5.975836055591419,-5.513363939558485,-75.55858830121292,-86.77023332862905,-85.06276153809002,-79.99374558940553,-70.07190288267158,-60.31811821535974,-57.287419353793524,7.101651806650206,0.6375470500231482,0.4497111706233739,93,48.125,20,1,< -7 %,Northern Saw-whet Owl
2010,2025,British Columbia,survey_region,48_-123 ; 49_-115 ; 49_-116 ; 49_-117 ; 49_-119 ; 49_-120 ; 49_-122 ; 49_-123 ; 49_-125 ; 50_-116 ; 50_-117 ; 50_-119 ; 50_-120 ; 50_-121 ; 50_-122 ; 50_-125 ; 50_-126 ; 50_-127 ; 51_-116 ; 51_-120 ; 52_-122 ; 53_-120 ; 53_-122 ; 53_-123 ; 54_-122 ; 54_-123 ; 54_-126 ; 54_-127 ; 55_-123,,-10.677863637117024,-14.413124666428176,-13.773634744897198,-11.901195708814976,-9.415081636955648,-7.612534261335428,-7.068504410263503,-81.61826388021872,-90.31482288584684,-89.17067982964436,-85.05313158066696,-77.3097929016613,-69.50730447800967,-66.70002439177516,7.344620256164673,0.7600244047222222,0.4395235353824562,83,34.4375,29,1,< -7 %,Northern Saw-whet Owl
2010,2025,Manitoba,survey_region,49_-95 ; 49_-96 ; 49_-97 ; 49_-98 ; 49_-99 ; 50_-100 ; 50_-95 ; 50_-96 ; 50_-97 ; 50_-98 ; 50_-99 ; 51_-96 ; 53_-101 ; 54_-101,,-8.701606496643947,-11.419418697428032,-11.009401356208878,-9.629301720025826,-7.782919291753798,-6.4132310430719475,-6.032615199710621,-74.47609992648579,-83.7789896701378,-82.61551119786552,-78.10148978202069,-70.34004091271777,-62.998710157478996,-60.67605192018017,5.386803497717411,0.24371421041837962,0.49684182772744057,112,54.875,14,1,< -7 %,Northern Saw-whet Owl
2010,2025,Maritimes,survey_region,43_-65 ; 44_-62 ; 44_-63 ; 44_-64 ; 44_-65 ; 44_-66 ; 45_-60 ; 45_-61 ; 45_-62 ; 45_-63 ; 45_-64 ; 45_-65 ; 45_-66 ; 45_-67 ; 46_-60 ; 46_-62 ; 46_-63 ; 46_-64 ; 46_-65 ; 46_-66 ; 46_-67 ; 47_-64 ; 47_-65 ; 47_-66 ; 47_-67,,-3.704023798550166,-6.244671151317415,-5.8379496010856045,-4.5684288216949085,-2.8143733355501936,-1.5559826936793162,-1.1444148082154428,-43.2295805725714,-61.98636293628738,-59.43620286008593,-50.41148277214925,-34.83257036365654,-20.96127541813132,-15.85696545255657,5.100256343101972,0.5411625070745371,0.6520596848138711,162,85.6875,25,1,-4:-2 %,Northern Saw-whet Owl
2010,2025,Ontario,survey_region,44_-75 ; 44_-76 ; 44_-77 ; 44_-78 ; 44_-79 ; 44_-80 ; 44_-81 ; 45_-75 ; 45_-76 ; 45_-77 ; 45_-78 ; 45_-79 ; 45_-80 ; 45_-81 ; 45_-82 ; 46_-79 ; 46_-80 ; 46_-81 ; 46_-82 ; 46_-83 ; 46_-84 ; 47_-79 ; 47_-80 ; 47_-83 ; 48_-80 ; 48_-81 ; 48_-82 ; 48_-84 ; 48_-85 ; 48_-86 ; 48_-87 ; 48_-88 ; 48_-89 ; 48_-90 ; 48_-91 ; 48_-92 ; 48_-93 ; 48_-94 ; 49_-80 ; 49_-82 ; 49_-85 ; 49_-86 ; 49_-87 ; 49_-88 ; 49_-91 ; 49_-92 ; 49_-93 ; 49_-94 ; 50_-91 ; 50_-92 ; 50_-93 ; 51_-89 ; 51_-93 ; 52_-91,,-7.639289267928861,-10.038834517160927,-9.625560971062692,-8.46186653649898,-6.848565154220587,-5.629028442564267,-5.232635266278758,-69.63949468023527,-79.54374640868257,-78.08788902859791,-73.45206237466061,-65.49808219163506,-58.06502455560187,-55.34376919756229,4.806199250882169,1.3546146275535649,0.505926762780859,232,131.25,54,1,< -7 %,Northern Saw-whet Owl
2010,2025,Quebec,survey_region,45_-71 ; 45_-72 ; 45_-74 ; 46_-70 ; 46_-71 ; 46_-72 ; 46_-73 ; 46_-74 ; 46_-75 ; 46_-76 ; 46_-78 ; 47_-68 ; 47_-69 ; 48_-64 ; 48_-66 ; 48_-70 ; 48_-72 ; 48_-79,,-4.572045394773738,-7.567292818360223,-7.12971644368522,-5.621396147238514,-3.603916689053077,-2.1251672730475897,-1.6740760203893208,-50.439665438233575,-69.28255470098763,-67.02752303891002,-58.01412278393521,-42.337850802395614,-27.54547851387098,-22.37161577433281,5.8932167979709025,0.7104924240092593,0.5262124109490525,69,32.625,18,1,-7:-4 %,Northern Saw-whet Owl
2010,2025,Saskatchewan,survey_region,50_-103 ; 51_-106 ; 52_-108 ; 53_-105 ; 53_-106 ; 53_-107 ; 53_-108 ; 54_-102 ; 54_-106,,-11.916577292401577,-16.80393221450291,-15.9040992448537,-13.569405152425372,-10.441686160271287,-8.156519041432253,-7.407613720793697,-85.09222831308283,-93.66798384426467,-92.55915105978984,-88.7794917012247,-80.8755645154488,-72.09223540764916,-68.47688310396431,9.396318493709213,0.12666644894618057,0.2798038683525335,13,4.625,9,1,< -7 %,Northern Saw-whet Owl
2010,2025,survey_wide,survey_wide,43_-65 ; 44_-62 ; 44_-63 ; 44_-64 ; 44_-65 ; 44_-66 ; 44_-75 ; 44_-76 ; 44_-77 ; 44_-78 ; 44_-79 ; 44_-80 ; 44_-81 ; 45_-60 ; 45_-61 ; 45_-62 ; 45_-63 ; 45_-64 ; 45_-65 ; 45_-66 ; 45_-67 ; 45_-71 ; 45_-72 ; 45_-74 ; 45_-75 ; 45_-76 ; 45_-77 ; 45_-78 ; 45_-79 ; 45_-80 ; 45_-81 ; 45_-82 ; 46_-60 ; 46_-62 ; 46_-63 ; 46_-64 ; 46_-65 ; 46_-66 ; 46_-67 ; 46_-70 ; 46_-71 ; 46_-72 ; 46_-73 ; 46_-74 ; 46_-75 ; 46_-76 ; 46_-78 ; 46_-79 ; 46_-80 ; 46_-81 ; 46_-82 ; 46_-83 ; 46_-84 ; 47_-64 ; 47_-65 ; 47_-66 ; 47_-67 ; 47_-68 ; 47_-69 ; 47_-79 ; 47_-80 ; 47_-83 ; 48_-123 ; 48_-64 ; 48_-66 ; 48_-70 ; 48_-72 ; 48_-79 ; 48_-80 ; 48_-81 ; 48_-82 ; 48_-84 ; 48_-85 ; 48_-86 ; 48_-87 ; 48_-88 ; 48_-89 ; 48_-90 ; 48_-91 ; 48_-92 ; 48_-93 ; 48_-94 ; 49_-115 ; 49_-116 ; 49_-117 ; 49_-119 ; 49_-120 ; 49_-122 ; 49_-123 ; 49_-125 ; 49_-80 ; 49_-82 ; 49_-85 ; 49_-86 ; 49_-87 ; 49_-88 ; 49_-91 ; 49_-92 ; 49_-93 ; 49_-94 ; 49_-95 ; 49_-96 ; 49_-97 ; 49_-98 ; 49_-99 ; 50_-100 ; 50_-103 ; 50_-114 ; 50_-116 ; 50_-117 ; 50_-119 ; 50_-120 ; 50_-121 ; 50_-122 ; 50_-125 ; 50_-126 ; 50_-127 ; 50_-91 ; 50_-92 ; 50_-93 ; 50_-95 ; 50_-96 ; 50_-97 ; 50_-98 ; 50_-99 ; 51_-106 ; 51_-114 ; 51_-116 ; 51_-120 ; 51_-89 ; 51_-93 ; 51_-96 ; 52_-108 ; 52_-112 ; 52_-113 ; 52_-114 ; 52_-115 ; 52_-122 ; 52_-91 ; 53_-101 ; 53_-105 ; 53_-106 ; 53_-107 ; 53_-108 ; 53_-111 ; 53_-112 ; 53_-113 ; 53_-114 ; 53_-116 ; 53_-120 ; 53_-122 ; 53_-123 ; 54_-101 ; 54_-102 ; 54_-106 ; 54_-110 ; 54_-111 ; 54_-112 ; 54_-113 ; 54_-122 ; 54_-123 ; 54_-126 ; 54_-127 ; 55_-114 ; 55_-119 ; 55_-123 ; 56_-116 ; 56_-117 ; 56_-118,,-7.353879935665219,-9.216270666858662,-8.927501449792654,-7.973523100261679,-6.746006464605551,-5.864855466767576,-5.5747746457968,-68.20136022538877,-76.55121798184646,-75.40715484679363,-71.24641894000266,-64.92387666868589,-59.60971591778802,-57.70193962145602,3.6414960210618625,0.8107020717599852,0.6634819038330495,764,391.625,169,1,< -7 %,Northern Saw-whet Owl
1995,2025,Alberta,survey_region,50_-114 ; 51_-114 ; 52_-112 ; 52_-113 ; 52_-114 ; 52_-115 ; 53_-111 ; 53_-112 ; 53_-113 ; 53_-114 ; 53_-116 ; 54_-110 ; 54_-111 ; 54_-112 ; 54_-113 ; 55_-114 ; 55_-119 ; 56_-116 ; 56_-117 ; 56_-118,,-2.922280334753408,-12.247909314774716,-10.761910493911683,-6.166480342866998,0.5395208297397092,6.085022879937148,8.25544829636887,-58.92410933303732,-98.01516510384167,-96.71520763130907,-85.18368454968382,17.518050734531965,488.337019893585,980.1723636384312,20.503357611143585,0.7708060976009558,0.4453754222862444,93,42.96774193548387,20,1,-4:-2 %,Northern Saw-whet Owl
1995,2025,British Columbia,survey_region,48_-123 ; 49_-115 ; 49_-116 ; 49_-117 ; 49_-119 ; 49_-120 ; 49_-122 ; 49_-123 ; 49_-125 ; 50_-116 ; 50_-117 ; 50_-119 ; 50_-120 ; 50_-121 ; 50_-122 ; 50_-125 ; 50_-126 ; 50_-127 ; 51_-116 ; 51_-120 ; 52_-122 ; 53_-120 ; 53_-122 ; 53_-123 ; 54_-122 ; 54_-123 ; 54_-126 ; 54_-127 ; 55_-123,,-3.2193018052753484,-13.428829100439872,-11.561213818561342,-6.845270098524109,0.6240033305168979,6.897847504697692,8.822260457605756,-62.53177536475445,-98.67809955716211,-97.4922558478444,-88.08353764195124,20.516844992545224,639.7224875989533,1163.375317828888,22.251089558045628,0.888533506029092,0.4903408163597212,83,36.41935483870968,29,1,-4:-2 %,Northern Saw-whet Owl
1995,2025,Manitoba,survey_region,49_-95 ; 49_-96 ; 49_-97 ; 49_-98 ; 49_-99 ; 50_-100 ; 50_-95 ; 50_-96 ; 50_-97 ; 50_-98 ; 50_-99 ; 51_-96 ; 53_-101 ; 54_-101,,-3.666402869436652,-9.67082690994117,-8.540587713725852,-5.5068858467810236,-1.8661937730751699,0.9315807681624646,1.7801458731193895,-67.39131248851551,-95.27021853975745,-93.13165341469394,-81.71879312790847,-43.17240021306588,32.072470696194856,69.7821706040308,11.450972783060559,0.27356811318888175,0.6125984947703332,112,42.58064516129032,14,1,-4:-2 %,Northern Saw-whet Owl
1995,2025,Maritimes,survey_region,43_-65 ; 44_-62 ; 44_-63 ; 44_-64 ; 44_-65 ; 44_-66 ; 45_-60 ; 45_-61 ; 45_-62 ; 45_-63 ; 45_-64 ; 45_-65 ; 45_-66 ; 45_-67 ; 46_-60 ; 46_-62 ; 46_-63 ; 46_-64 ; 46_-65 ; 46_-66 ; 46_-67 ; 47_-64 ; 47_-65 ; 47_-66 ; 47_-67,,-1.2590111639876944,-11.027562535727645,-9.335290397108679,-4.509845310547517,2.0848395059745837,7.350200238634263,9.846623591589289,-31.62077602839155,-96.99624343694727,-94.71374318039112,-74.9528720852269,85.71095361799159,739.625889304166,1573.4090231973078,20.874186127316932,0.5600229417091995,0.5306653472464876,162,78.25806451612904,25,1,-2:-1 %,Northern Saw-whet Owl
1995,2025,Ontario,survey_region,44_-75 ; 44_-76 ; 44_-77 ; 44_-78 ; 44_-79 ; 44_-80 ; 44_-81 ; 45_-75 ; 45_-76 ; 45_-77 ; 45_-78 ; 45_-79 ; 45_-80 ; 45_-81 ; 45_-82 ; 46_-79 ; 46_-80 ; 46_-81 ; 46_-82 ; 46_-83 ; 46_-84 ; 47_-79 ; 47_-80 ; 47_-83 ; 48_-80 ; 48_-81 ; 48_-82 ; 48_-84 ; 48_-85 ; 48_-86 ; 48_-87 ; 48_-88 ; 48_-89 ; 48_-90 ; 48_-91 ; 48_-92 ; 48_-93 ; 48_-94 ; 49_-80 ; 49_-82 ; 49_-85 ; 49_-86 ; 49_-87 ; 49_-88 ; 49_-91 ; 49_-92 ; 49_-93 ; 49_-94 ; 50_-91 ; 50_-92 ; 50_-93 ; 51_-89 ; 51_-93 ; 52_-91,,-5.409909162607191,-6.948995525210568,-6.66890868738558,-5.884063991938337,-4.910080207451644,-4.188525246670317,-3.978971008538023,-81.14748582551246,-88.47523775703334,-87.387814909642,-83.7858206304803,-77.91820200314064,-72.29706689093696,-70.42051067756545,2.970024516672545,1.645989990249116,0.5648259525557917,232,130.41935483870967,54,1,-7:-4 %,Northern Saw-whet Owl
1995,2025,Quebec,survey_region,45_-71 ; 45_-72 ; 45_-74 ; 46_-70 ; 46_-71 ; 46_-72 ; 46_-73 ; 46_-74 ; 46_-75 ; 46_-76 ; 46_-78 ; 47_-68 ; 47_-69 ; 48_-64 ; 48_-66 ; 48_-70 ; 48_-72 ; 48_-79,,-3.0484265557040757,-10.414769346778199,-9.100697027951579,-5.1878203866656065,-1.0320004761640356,1.6493570997024072,2.5541551442003283,-60.49556423219295,-96.30943646096539,-94.28762646937645,-79.77335194193367,-26.743906529297423,63.357503773907474,113.10720530650973,12.968924490978527,0.7985190339976105,0.3528924278700333,69,20.70967741935484,18,1,-4:-2 %,Northern Saw-whet Owl
1995,2025,Saskatchewan,survey_region,50_-103 ; 51_-106 ; 52_-108 ; 53_-105 ; 53_-106 ; 53_-107 ; 53_-108 ; 54_-102 ; 54_-106,,-4.377582061024244,-14.189293865572953,-12.571243651345378,-7.627410870735878,-0.9608618539283298,4.4795370838690864,6.237179748332467,-73.89091256805264,-98.98551389152787,-98.2232369729801,-90.74676629851677,-25.147626137381295,272.3380458737249,514.1805662824256,20.426473613905422,0.1883951070070191,0.44039044175248654,13,4.612903225806452,9,1,-7:-4 %,Northern Saw-whet Owl
1995,2025,survey_wide,survey_wide,43_-65 ; 44_-62 ; 44_-63 ; 44_-64 ; 44_-65 ; 44_-66 ; 44_-75 ; 44_-76 ; 44_-77 ; 44_-78 ; 44_-79 ; 44_-80 ; 44_-81 ; 45_-60 ; 45_-61 ; 45_-62 ; 45_-63 ; 45_-64 ; 45_-65 ; 45_-66 ; 45_-67 ; 45_-71 ; 45_-72 ; 45_-74 ; 45_-75 ; 45_-76 ; 45_-77 ; 45_-78 ; 45_-79 ; 45_-80 ; 45_-81 ; 45_-82 ; 46_-60 ; 46_-62 ; 46_-63 ; 46_-64 ; 46_-65 ; 46_-66 ; 46_-67 ; 46_-70 ; 46_-71 ; 46_-72 ; 46_-73 ; 46_-74 ; 46_-75 ; 46_-76 ; 46_-78 ; 46_-79 ; 46_-80 ; 46_-81 ; 46_-82 ; 46_-83 ; 46_-84 ; 47_-64 ; 47_-65 ; 47_-66 ; 47_-67 ; 47_-68 ; 47_-69 ; 47_-79 ; 47_-80 ; 47_-83 ; 48_-123 ; 48_-64 ; 48_-66 ; 48_-70 ; 48_-72 ; 48_-79 ; 48_-80 ; 48_-81 ; 48_-82 ; 48_-84 ; 48_-85 ; 48_-86 ; 48_-87 ; 48_-88 ; 48_-89 ; 48_-90 ; 48_-91 ; 48_-92 ; 48_-93 ; 48_-94 ; 49_-115 ; 49_-116 ; 49_-117 ; 49_-119 ; 49_-120 ; 49_-122 ; 49_-123 ; 49_-125 ; 49_-80 ; 49_-82 ; 49_-85 ; 49_-86 ; 49_-87 ; 49_-88 ; 49_-91 ; 49_-92 ; 49_-93 ; 49_-94 ; 49_-95 ; 49_-96 ; 49_-97 ; 49_-98 ; 49_-99 ; 50_-100 ; 50_-103 ; 50_-114 ; 50_-116 ; 50_-117 ; 50_-119 ; 50_-120 ; 50_-121 ; 50_-122 ; 50_-125 ; 50_-126 ; 50_-127 ; 50_-91 ; 50_-92 ; 50_-93 ; 50_-95 ; 50_-96 ; 50_-97 ; 50_-98 ; 50_-99 ; 51_-106 ; 51_-114 ; 51_-116 ; 51_-120 ; 51_-89 ; 51_-93 ; 51_-96 ; 52_-108 ; 52_-112 ; 52_-113 ; 52_-114 ; 52_-115 ; 52_-122 ; 52_-91 ; 53_-101 ; 53_-105 ; 53_-106 ; 53_-107 ; 53_-108 ; 53_-111 ; 53_-112 ; 53_-113 ; 53_-114 ; 53_-116 ; 53_-120 ; 53_-122 ; 53_-123 ; 54_-101 ; 54_-102 ; 54_-106 ; 54_-110 ; 54_-111 ; 54_-112 ; 54_-113 ; 54_-122 ; 54_-123 ; 54_-126 ; 54_-127 ; 55_-114 ; 55_-119 ; 55_-123 ; 56_-116 ; 56_-117 ; 56_-118,,-4.669110141072153,-10.266835397532251,-8.937846053255525,-6.064631279304932,-3.631034748192588,-2.5294442877118657,-2.206567845428269,-76.17628800590641,-96.12216314905653,-93.9724946638434,-84.69355488910703,-67.0302324458598,-53.63361103650291,-48.79756040405546,8.060267552103982,0.982284010023306,0.632878116634285,764,355.96774193548384,169,1,-7:-4 %,Northern Saw-whet Owl
2010,2025,Alberta,survey_region,50_-114 ; 51_-114 ; 53_-112 ; 53_-113 ; 53_-114 ; 53_-116 ; 54_-110 ; 54_-111 ; 54_-113 ; 55_-114 ; 56_-117,,-1.3520668312670847,-5.1923110805027335,-4.526349925872724,-2.669768120233748,-0.09201615473262148,1.7699037118634247,2.4469661317487224,-18.469546438514726,-55.05789294732708,-50.08249186698064,-33.36285379306655,-1.3713823291912064,30.10394200005795,43.70984732771541,7.639277212251455,0.0021604460114182694,0.1161750069116533,23,15.125,11,1,-2:-1 %,Barred Owl
2010,2025,British Columbia,survey_region,48_-123 ; 48_-124 ; 49_-115 ; 49_-117 ; 49_-119 ; 49_-120 ; 49_-121 ; 49_-122 ; 49_-123 ; 49_-124 ; 50_-115 ; 50_-117 ; 50_-120 ; 50_-122 ; 50_-125 ; 50_-127 ; 51_-116 ; 51_-120 ; 52_-122 ; 53_-120 ; 53_-122 ; 53_-123 ; 54_-122 ; 54_-123 ; 55_-123,,-1.2224022650267785,-5.020346327144144,-4.375946737530484,-2.4981714145216274,0.07795865864521634,1.95935404157986,2.446912771555663,-16.847194383509922,-53.819456898930795,-48.88984170569746,-31.57868217428421,1.1757829870327585,33.78460384943025,43.708727014911354,7.467259098699807,0.09014085450270433,0.13191609908603502,57,27.875,25,1,-2:-1 %,Barred Owl
2010,2025,Manitoba,survey_region,49_-95 ; 49_-96 ; 49_-97 ; 49_-99 ; 50_-95 ; 50_-96 ; 50_-97 ; 50_-99 ; 51_-96 ; 53_-101,,-0.7379864476973474,-3.8167937009943333,-3.2820830449208374,-1.7931736869508053,0.3480187090529496,2.004296104943959,2.630118638484364,-10.515826428628838,-44.218684074036815,-39.38166321127413,-23.770135430753882,5.3493917408164116,34.671889799053865,47.61227867188269,6.446912339478697,0.01926011793770032,0.12858314460712142,52,30.0625,10,1,-1:-0.5 %,Barred Owl
2010,2025,Maritimes,survey_region,43_-65 ; 44_-62 ; 44_-63 ; 44_-64 ; 44_-65 ; 44_-66 ; 45_-60 ; 45_-61 ; 45_-62 ; 45_-63 ; 45_-64 ; 45_-65 ; 45_-66 ; 45_-67 ; 46_-60 ; 46_-61 ; 46_-62 ; 46_-63 ; 46_-64 ; 46_-65 ; 46_-66 ; 46_-67 ; 47_-64 ; 47_-65 ; 47_-66 ; 47_-67,,0.6382112042768839,-0.8449963449539518,-0.5779271837562322,0.10618924132303476,1.1520631597418118,1.932900806145161,2.191804477473375,10.012904905108178,-11.951994376137243,-8.326840230047639,1.6047332411093018,18.746599037877832,33.264892648593246,38.433442652074845,3.0368008224273266,0.3928540201171875,0.15781400789263592,195,99.4375,26,1,0.5:1 %,Barred Owl
2010,2025,Ontario,survey_region,44_-75 ; 44_-76 ; 44_-77 ; 44_-78 ; 44_-79 ; 44_-80 ; 44_-81 ; 45_-75 ; 45_-76 ; 45_-77 ; 45_-78 ; 45_-79 ; 45_-80 ; 45_-81 ; 45_-82 ; 46_-79 ; 46_-80 ; 46_-81 ; 46_-82 ; 46_-83 ; 46_-84 ; 47_-83 ; 48_-80 ; 48_-81 ; 48_-82 ; 48_-85 ; 48_-86 ; 48_-87 ; 48_-88 ; 48_-89 ; 48_-90 ; 48_-91 ; 48_-92 ; 48_-93 ; 48_-94 ; 49_-80 ; 49_-86 ; 49_-88 ; 49_-91 ; 49_-92 ; 49_-93 ; 49_-94 ; 50_-89 ; 50_-91 ; 50_-92 ; 50_-93 ; 51_-89 ; 51_-93,,1.1031511211475387,-0.1256584039077754,0.1060947124730327,0.6960055877686055,1.5146450177646098,2.1034549395602262,2.289928523142117,17.8882103951312,-1.8683862849763644,1.6032940947442897,10.964394926959287,25.29406642577332,36.64903451302939,40.44074585992048,2.415586927049892,0.5804119918688903,0.16343439580927682,253,143,48,1,1:2 %,Barred Owl
2010,2025,Quebec,survey_region,45_-71 ; 45_-72 ; 45_-73 ; 45_-74 ; 46_-70 ; 46_-71 ; 46_-72 ; 46_-73 ; 46_-74 ; 46_-75 ; 46_-76 ; 46_-78 ; 47_-68 ; 47_-69 ; 47_-70 ; 48_-64 ; 48_-66 ; 48_-68 ; 48_-70 ; 48_-72,,2.233883695702521,0.8511240241810991,1.0401457498136746,1.7645122071502761,2.703352632673961,3.4059004007905047,3.6333408504165683,39.29094619311066,13.556276946207513,16.791022388423183,30.0005914646859,49.200168363925975,65.2645892228721,70.80181540793538,2.7822168262354694,0.2009256646133814,0.1336593357931771,160,68.5625,20,1,2:4 %,Barred Owl
2010,2025,Saskatchewan,survey_region,53_-105 ; 53_-106 ; 53_-107 ; 54_-106,,-3.6663765466638463,-8.147402514950588,-7.4651620024382135,-5.236706088869683,-2.0710646800163377,0.16759085873904894,1.0657359652558127,-42.89574893227224,-72.05065293443151,-68.7694929340188,-55.37253230560094,-26.942384436928137,2.5435711506799574,17.235503164246957,9.213138480206402,0.001158651766826923,0.0794599294294581,6,3.0625,4,1,-4:-2 %,Barred Owl
2010,2025,survey_wide,survey_wide,43_-65 ; 44_-62 ; 44_-63 ; 44_-64 ; 44_-65 ; 44_-66 ; 44_-75 ; 44_-76 ; 44_-77 ; 44_-78 ; 44_-79 ; 44_-80 ; 44_-81 ; 45_-60 ; 45_-61 ; 45_-62 ; 45_-63 ; 45_-64 ; 45_-65 ; 45_-66 ; 45_-67 ; 45_-71 ; 45_-72 ; 45_-73 ; 45_-74 ; 45_-75 ; 45_-76 ; 45_-77 ; 45_-78 ; 45_-79 ; 45_-80 ; 45_-81 ; 45_-82 ; 46_-60 ; 46_-61 ; 46_-62 ; 46_-63 ; 46_-64 ; 46_-65 ; 46_-66 ; 46_-67 ; 46_-70 ; 46_-71 ; 46_-72 ; 46_-73 ; 46_-74 ; 46_-75 ; 46_-76 ; 46_-78 ; 46_-79 ; 46_-80 ; 46_-81 ; 46_-82 ; 46_-83 ; 46_-84 ; 47_-64 ; 47_-65 ; 47_-66 ; 47_-67 ; 47_-68 ; 47_-69 ; 47_-70 ; 47_-83 ; 48_-123 ; 48_-124 ; 48_-64 ; 48_-66 ; 48_-68 ; 48_-70 ; 48_-72 ; 48_-80 ; 48_-81 ; 48_-82 ; 48_-85 ; 48_-86 ; 48_-87 ; 48_-88 ; 48_-89 ; 48_-90 ; 48_-91 ; 48_-92 ; 48_-93 ; 48_-94 ; 49_-115 ; 49_-117 ; 49_-119 ; 49_-120 ; 49_-121 ; 49_-122 ; 49_-123 ; 49_-124 ; 49_-80 ; 49_-86 ; 49_-88 ; 49_-91 ; 49_-92 ; 49_-93 ; 49_-94 ; 49_-95 ; 49_-96 ; 49_-97 ; 49_-99 ; 50_-114 ; 50_-115 ; 50_-117 ; 50_-120 ; 50_-122 ; 50_-125 ; 50_-127 ; 50_-89 ; 50_-91 ; 50_-92 ; 50_-93 ; 50_-95 ; 50_-96 ; 50_-97 ; 50_-99 ; 51_-114 ; 51_-116 ; 51_-120 ; 51_-89 ; 51_-93 ; 51_-96 ; 52_-122 ; 53_-101 ; 53_-105 ; 53_-106 ; 53_-107 ; 53_-112 ; 53_-113 ; 53_-114 ; 53_-116 ; 53_-120 ; 53_-122 ; 53_-123 ; 54_-106 ; 54_-110 ; 54_-111 ; 54_-113 ; 54_-122 ; 54_-123 ; 55_-114 ; 55_-123 ; 56_-117,,0.9746101972681109,0.0779587464455678,0.20846283532530932,0.6579541106926323,1.2812841548704046,1.7172519702282836,1.8680164934274757,15.659891303442851,1.1757844328544431,3.1729870027044527,10.337079808336158,21.04252860664344,29.097930292142493,31.998121048744643,1.790057746981908,0.2941743176187066,0.2292339529956347,746,387.125,144,1,0.5:1 %,Barred Owl
1995,2025,Alberta,survey_region,50_-114 ; 51_-114 ; 53_-112 ; 53_-113 ; 53_-114 ; 53_-116 ; 54_-110 ; 54_-111 ; 54_-113 ; 55_-114 ; 56_-117,,2.0261043532662115,-2.434985545949827,-1.6487339226582338,0.5503596095621732,3.613235985947655,5.917756096815743,6.713153153528875,82.53206846300465,-52.26648609722435,-39.270647623751145,17.898654000557833,190.039487589932,461.1295578551629,602.3257328473001,9.148138699478702,0.00191277704127378,0.12321078525602051,23,13.483870967741936,11,1,2:4 %,Barred Owl
1995,2025,British Columbia,survey_region,48_-123 ; 48_-124 ; 49_-115 ; 49_-117 ; 49_-119 ; 49_-120 ; 49_-121 ; 49_-122 ; 49_-123 ; 49_-124 ; 50_-115 ; 50_-117 ; 50_-120 ; 50_-122 ; 50_-125 ; 50_-127 ; 51_-116 ; 51_-120 ; 52_-122 ; 53_-120 ; 53_-122 ; 53_-123 ; 54_-122 ; 54_-123 ; 55_-123,,3.555450760049017,-0.6771207779224819,0.02729497188392111,2.0851107826677593,5.0202407102240105,7.373130799003376,8.187564181760228,185.22586289311863,-18.439609950452972,0.8221009075783048,85.7257549891956,334.7006422250498,745.0229411277089,960.0352786819788,8.86468495968271,0.07195021429378619,0.10574609868902964,57,28.741935483870968,25,1,2:4 %,Barred Owl
1995,2025,Manitoba,survey_region,49_-95 ; 49_-96 ; 49_-97 ; 49_-99 ; 50_-95 ; 50_-96 ; 50_-97 ; 50_-99 ; 51_-96 ; 53_-101,,1.5698404591754422,-0.8116567447488962,-0.45045703079126187,0.7606721380356618,2.4245467014383015,3.7001168766205788,4.294755629886001,59.56701051120581,-21.689658395993362,-12.667050148570203,25.52541857198012,105.17362494865905,197.42493776663622,253.08081991200186,5.106412374634897,0.01793273490601737,0.1033953811162483,52,22.903225806451612,10,1,1:2 %,Barred Owl
1995,2025,Maritimes,survey_region,43_-65 ; 44_-62 ; 44_-63 ; 44_-64 ; 44_-65 ; 44_-66 ; 45_-60 ; 45_-61 ; 45_-62 ; 45_-63 ; 45_-64 ; 45_-65 ; 45_-66 ; 45_-67 ; 46_-60 ; 46_-61 ; 46_-62 ; 46_-63 ; 46_-64 ; 46_-65 ; 46_-66 ; 46_-67 ; 47_-64 ; 47_-65 ; 47_-66 ; 47_-67,,0.2629630814627304,-2.057976673213066,-1.6670448000166005,-0.4784649193783602,1.027545843390093,2.0553946360069486,2.396664575654989,8.197214312416001,-46.41143244327333,-39.608927926608786,-13.401177324780267,35.892064942979985,84.11070450625485,103.50464764678944,4.454641248868056,0.3882445232841191,0.12587485417258565,195,93.35483870967742,26,1,-0.5:0.5 %,Barred Owl
1995,2025,Ontario,survey_region,44_-75 ; 44_-76 ; 44_-77 ; 44_-78 ; 44_-79 ; 44_-80 ; 44_-81 ; 45_-75 ; 45_-76 ; 45_-77 ; 45_-78 ; 45_-79 ; 45_-80 ; 45_-81 ; 45_-82 ; 46_-79 ; 46_-80 ; 46_-81 ; 46_-82 ; 46_-83 ; 46_-84 ; 47_-83 ; 48_-80 ; 48_-81 ; 48_-82 ; 48_-85 ; 48_-86 ; 48_-87 ; 48_-88 ; 48_-89 ; 48_-90 ; 48_-91 ; 48_-92 ; 48_-93 ; 48_-94 ; 49_-80 ; 49_-86 ; 49_-88 ; 49_-91 ; 49_-92 ; 49_-93 ; 49_-94 ; 50_-89 ; 50_-91 ; 50_-92 ; 50_-93 ; 51_-89 ; 51_-93,,2.119283170571129,1.2496940039552367,1.3831686340140437,1.834582174004723,2.40582800314601,2.8380796181412102,2.955024417218187,87.5999541990352,45.1481757252892,50.999607766204335,72.5275976365043,104.05169313200875,131.53611564017052,139.56666043781016,1.7053304132629503,0.5200891984907154,0.13814446711578374,253,139.2258064516129,48,1,2:4 %,Barred Owl
1995,2025,Quebec,survey_region,45_-71 ; 45_-72 ; 45_-73 ; 45_-74 ; 46_-70 ; 46_-71 ; 46_-72 ; 46_-73 ; 46_-74 ; 46_-75 ; 46_-76 ; 46_-78 ; 47_-68 ; 47_-69 ; 47_-70 ; 48_-64 ; 48_-66 ; 48_-68 ; 48_-70 ; 48_-72,,2.629261159479823,0.5158392978262899,0.808483866830817,1.8978152864468578,3.3055518156706984,4.2488039002940825,4.582820554412932,117.83921907780295,16.690392263226727,27.324651550159018,75.77059325732802,165.28326820645262,248.44354586616598,283.5398766646074,4.066981256586643,0.1698380528293011,0.08427766038703317,160,40.41935483870968,20,1,2:4 %,Barred Owl
1995,2025,Saskatchewan,survey_region,53_-105 ; 53_-106 ; 53_-107 ; 54_-106,,-0.36130301784951246,-5.205421897027808,-4.345091103932701,-2.007195056035127,1.3407331645795384,3.881720606672464,4.759806550152958,-10.289928378959123,-79.88569918468126,-73.62345196738409,-45.571571043979,49.11500591743068,213.45424890213667,303.4974159921892,9.965228447180767,0.0012998724503722086,0.10563200650519909,6,2.5483870967741935,4,1,-0.5:0.5 %,Barred Owl
1995,2025,survey_wide,survey_wide,43_-65 ; 44_-62 ; 44_-63 ; 44_-64 ; 44_-65 ; 44_-66 ; 44_-75 ; 44_-76 ; 44_-77 ; 44_-78 ; 44_-79 ; 44_-80 ; 44_-81 ; 45_-60 ; 45_-61 ; 45_-62 ; 45_-63 ; 45_-64 ; 45_-65 ; 45_-66 ; 45_-67 ; 45_-71 ; 45_-72 ; 45_-73 ; 45_-74 ; 45_-75 ; 45_-76 ; 45_-77 ; 45_-78 ; 45_-79 ; 45_-80 ; 45_-81 ; 45_-82 ; 46_-60 ; 46_-61 ; 46_-62 ; 46_-63 ; 46_-64 ; 46_-65 ; 46_-66 ; 46_-67 ; 46_-70 ; 46_-71 ; 46_-72 ; 46_-73 ; 46_-74 ; 46_-75 ; 46_-76 ; 46_-78 ; 46_-79 ; 46_-80 ; 46_-81 ; 46_-82 ; 46_-83 ; 46_-84 ; 47_-64 ; 47_-65 ; 47_-66 ; 47_-67 ; 47_-68 ; 47_-69 ; 47_-70 ; 47_-83 ; 48_-123 ; 48_-124 ; 48_-64 ; 48_-66 ; 48_-68 ; 48_-70 ; 48_-72 ; 48_-80 ; 48_-81 ; 48_-82 ; 48_-85 ; 48_-86 ; 48_-87 ; 48_-88 ; 48_-89 ; 48_-90 ; 48_-91 ; 48_-92 ; 48_-93 ; 48_-94 ; 49_-115 ; 49_-117 ; 49_-119 ; 49_-120 ; 49_-121 ; 49_-122 ; 49_-123 ; 49_-124 ; 49_-80 ; 49_-86 ; 49_-88 ; 49_-91 ; 49_-92 ; 49_-93 ; 49_-94 ; 49_-95 ; 49_-96 ; 49_-97 ; 49_-99 ; 50_-114 ; 50_-115 ; 50_-117 ; 50_-120 ; 50_-122 ; 50_-125 ; 50_-127 ; 50_-89 ; 50_-91 ; 50_-92 ; 50_-93 ; 50_-95 ; 50_-96 ; 50_-97 ; 50_-99 ; 51_-114 ; 51_-116 ; 51_-120 ; 51_-89 ; 51_-93 ; 51_-96 ; 52_-122 ; 53_-101 ; 53_-105 ; 53_-106 ; 53_-107 ; 53_-112 ; 53_-113 ; 53_-114 ; 53_-116 ; 53_-120 ; 53_-122 ; 53_-123 ; 54_-106 ; 54_-110 ; 54_-111 ; 54_-113 ; 54_-122 ; 54_-123 ; 55_-114 ; 55_-123 ; 56_-117,,1.5190164031815945,0.16811743803504922,0.41800481773123677,1.0975818890251732,1.9220656192149577,2.4341388775866726,2.6081784804938035,57.18895988473416,5.168420775069649,13.330719775421773,38.74682165195542,77.02985078596379,105.75084407211675,116.50071786294683,2.4400610424587543,0.26836462356970203,0.18394200729577306,746,340.6774193548387,144,1,1:2 %,Barred Owl
2010,2025,Alberta,survey_region,49_-110 ; 49_-111 ; 49_-112 ; 49_-113 ; 49_-114 ; 50_-110 ; 50_-111 ; 50_-112 ; 50_-113 ; 50_-114 ; 51_-110 ; 51_-111 ; 51_-112 ; 51_-113 ; 51_-114 ; 52_-111 ; 52_-112 ; 52_-113 ; 52_-114 ; 52_-115 ; 53_-110 ; 53_-111 ; 53_-112 ; 53_-113 ; 53_-114 ; 53_-115 ; 53_-116 ; 54_-110 ; 54_-111 ; 54_-112 ; 54_-113 ; 54_-114 ; 55_-114 ; 55_-119 ; 56_-117 ; 56_-118 ; 59_-111 ; 59_-112,,-5.035753005858923,-7.6070305303494345,-7.190912990582476,-5.902393905124276,-4.139016837643717,-2.7264829465166853,-2.2529995077093377,-53.931726793931475,-69.4800455391571,-67.35193050749086,-59.85064026882414,-46.95698698431864,-33.94293235166004,-28.952043181444363,5.354031022640097,4.075021699497852,1.196086773984507,175,85.5,38,1,-7:-4 %,Great Horned Owl
2010,2025,British Columbia,survey_region,48_-123 ; 49_-115 ; 49_-116 ; 49_-117 ; 49_-119 ; 49_-120 ; 49_-122 ; 49_-123 ; 49_-124 ; 50_-115 ; 50_-116 ; 50_-117 ; 50_-119 ; 50_-120 ; 50_-121 ; 50_-122 ; 51_-116 ; 51_-120 ; 51_-123 ; 52_-122 ; 52_-125 ; 53_-120 ; 53_-122 ; 53_-123 ; 54_-122 ; 54_-123 ; 54_-127 ; 55_-123 ; 56_-121 ; 59_-133,,1.3238365283603781,-1.6160597836870954,-1.1720672536836627,0.31810057918978396,2.3701611008897783,3.991991411769553,4.478410023456849,21.80759924558351,-21.681712995381584,-16.209327807219363,4.87923554629599,42.10219982745747,79.88643986709141,92.92936569527635,6.094469807143945,0.8714063662478517,1.0308827944550576,80,35.75,30,1,1:2 %,Great Horned Owl
2010,2025,Manitoba,survey_region,49_-100 ; 49_-95 ; 49_-96 ; 49_-97 ; 49_-98 ; 49_-99 ; 50_-100 ; 50_-95 ; 50_-96 ; 50_-97 ; 50_-98 ; 50_-99 ; 51_-100 ; 51_-101 ; 51_-96 ; 51_-99 ; 52_-101 ; 53_-101 ; 54_-101,,-3.7657029743579096,-6.276107917575557,-5.85875806435383,-4.621816771211016,-2.9095439759986297,-1.6770398603956318,-1.2736090822864776,-43.77257779394284,-62.17710734746402,-59.57045289651071,-50.825983123386486,-35.78328029239341,-22.40670828983721,-17.491456854393505,5.00249883528908,0.5768728995586735,1.1364140215165393,134,62.4375,19,1,-4:-2 %,Great Horned Owl
2010,2025,Maritimes,survey_region,43_-65 ; 44_-62 ; 44_-63 ; 44_-64 ; 44_-65 ; 44_-66 ; 45_-60 ; 45_-61 ; 45_-62 ; 45_-63 ; 45_-64 ; 45_-65 ; 45_-66 ; 45_-67 ; 46_-60 ; 46_-62 ; 46_-63 ; 46_-64 ; 46_-65 ; 46_-66 ; 46_-67 ; 47_-64 ; 47_-65 ; 47_-66 ; 47_-67,,-3.267897302094952,-5.894051415698322,-5.451598572395209,-4.175902846834157,-2.354261791284576,-1.0369514679531975,-0.5838542103363505,-39.2481615796794,-59.797213928506274,-56.86668275367024,-47.26231754876584,-30.04811913001424,-14.474429422714142,-8.408779049361693,5.3101972053619715,0.5553145376893125,1.1601182915802484,140,78.375,25,1,-4:-2 %,Great Horned Owl
2010,2025,Northwest Territories,survey_region,60_-112 ; 60_-123 ; 61_-121 ; 62_-114,,-1.0856001254331171,-6.635745543580117,-5.694374760163517,-2.8963847447643962,0.8058177690238644,3.8405501626465894,4.854979540423822,-15.102908200403764,-64.29660533521955,-58.49848203538415,-35.65260050138591,12.793472332631817,75.996773948023,103.62725253451566,11.49072508400394,0.08479967466836734,0.9832824664215623,4,1.9375,4,1,-2:-1 %,Great Horned Owl
2010,2025,Ontario,survey_region,42_-81 ; 43_-79 ; 44_-75 ; 44_-76 ; 44_-77 ; 44_-78 ; 44_-79 ; 44_-80 ; 44_-81 ; 45_-76 ; 45_-77 ; 45_-78 ; 45_-79 ; 45_-80 ; 45_-81 ; 45_-82 ; 46_-79 ; 46_-80 ; 46_-81 ; 46_-82 ; 46_-83 ; 47_-80 ; 47_-83 ; 48_-80 ; 48_-81 ; 48_-82 ; 48_-85 ; 48_-86 ; 48_-88 ; 48_-89 ; 48_-90 ; 48_-91 ; 48_-92 ; 48_-93 ; 48_-94 ; 49_-80 ; 49_-82 ; 49_-85 ; 49_-86 ; 49_-87 ; 49_-88 ; 49_-91 ; 49_-92 ; 49_-93 ; 49_-94 ; 50_-91 ; 50_-92 ; 50_-93 ; 51_-93,,-3.05058492849048,-5.664388956273538,-5.190241515514483,-3.9391998153699705,-2.2055275871528277,-0.9566928530979014,-0.5783095384141608,-37.16843198648612,-58.30010059923367,-55.04317747694007,-45.2740887405395,-28.432701894417313,-13.428089622491735,-8.332128340226785,5.086079417859377,0.8888347890457841,1.1066502517711847,155,90.125,49,1,-4:-2 %,Great Horned Owl
2010,2025,Quebec,survey_region,45_-71 ; 45_-72 ; 45_-73 ; 45_-74 ; 46_-70 ; 46_-71 ; 46_-72 ; 46_-74 ; 46_-75 ; 46_-76 ; 46_-78 ; 47_-69 ; 48_-66 ; 48_-70 ; 48_-72 ; 48_-79 ; 49_-68 ; 50_-65 ; 50_-66,,-3.9446251817570834,-7.274779320128098,-6.7045424531560425,-5.074532634435405,-2.8274939531660936,-1.2533860957885234,-0.7180016280960677,-45.32043265706777,-67.79167412183753,-64.68920592648317,-54.21310625541717,-34.96441546791513,-17.23757928179307,-10.245206267532636,6.55677769203203,0.4667263817831633,1.039602241428782,48,24.5,19,1,-4:-2 %,Great Horned Owl
2010,2025,Saskatchewan,survey_region,49_-101 ; 49_-102 ; 49_-104 ; 49_-105 ; 49_-106 ; 49_-107 ; 49_-108 ; 49_-109 ; 50_-101 ; 50_-103 ; 50_-104 ; 50_-105 ; 50_-106 ; 50_-107 ; 50_-108 ; 51_-104 ; 51_-105 ; 51_-106 ; 52_-104 ; 52_-105 ; 52_-106 ; 52_-107 ; 52_-108 ; 53_-105 ; 53_-106 ; 53_-107 ; 53_-108 ; 53_-109 ; 54_-102,,-5.902802893579456,-8.72397230838801,-8.185212107237046,-6.891173318143288,-4.936927185649304,-3.539451111621778,-3.004663661268416,-59.8532575388379,-74.56972997460439,-72.22273048985925,-65.7340475093471,-53.207341019573754,-41.7567051566366,-36.720534379910205,5.719308647119594,4.436484400604189,0.819075562136906,69,23.625,29,1,-7:-4 %,Great Horned Owl
2010,2025,Yukon,survey_region,60_-134 ; 60_-135 ; 60_-136 ; 60_-137 ; 61_-136 ; 61_-137 ; 62_-136 ; 63_-135 ; 63_-137 ; 63_-138,,-4.812329100907503,-9.445857706311353,-8.665849286502912,-6.306137777865792,-3.1557265437577726,-0.5957177496585887,0.39787948312627064,-52.278893358947386,-77.4251526489757,-74.32574077575478,-62.35848191637143,-38.18282130235049,-8.572591999029477,6.137317623021277,9.843737189437624,0.36923121140306125,1.1249350182386237,19,8.125,10,1,-7:-4 %,Great Horned Owl
2010,2025,survey_wide,survey_wide,42_-81 ; 43_-65 ; 43_-79 ; 44_-62 ; 44_-63 ; 44_-64 ; 44_-65 ; 44_-66 ; 44_-75 ; 44_-76 ; 44_-77 ; 44_-78 ; 44_-79 ; 44_-80 ; 44_-81 ; 45_-60 ; 45_-61 ; 45_-62 ; 45_-63 ; 45_-64 ; 45_-65 ; 45_-66 ; 45_-67 ; 45_-71 ; 45_-72 ; 45_-73 ; 45_-74 ; 45_-76 ; 45_-77 ; 45_-78 ; 45_-79 ; 45_-80 ; 45_-81 ; 45_-82 ; 46_-60 ; 46_-62 ; 46_-63 ; 46_-64 ; 46_-65 ; 46_-66 ; 46_-67 ; 46_-70 ; 46_-71 ; 46_-72 ; 46_-74 ; 46_-75 ; 46_-76 ; 46_-78 ; 46_-79 ; 46_-80 ; 46_-81 ; 46_-82 ; 46_-83 ; 47_-64 ; 47_-65 ; 47_-66 ; 47_-67 ; 47_-69 ; 47_-80 ; 47_-83 ; 48_-123 ; 48_-66 ; 48_-70 ; 48_-72 ; 48_-79 ; 48_-80 ; 48_-81 ; 48_-82 ; 48_-85 ; 48_-86 ; 48_-88 ; 48_-89 ; 48_-90 ; 48_-91 ; 48_-92 ; 48_-93 ; 48_-94 ; 49_-100 ; 49_-101 ; 49_-102 ; 49_-104 ; 49_-105 ; 49_-106 ; 49_-107 ; 49_-108 ; 49_-109 ; 49_-110 ; 49_-111 ; 49_-112 ; 49_-113 ; 49_-114 ; 49_-115 ; 49_-116 ; 49_-117 ; 49_-119 ; 49_-120 ; 49_-122 ; 49_-123 ; 49_-124 ; 49_-68 ; 49_-80 ; 49_-82 ; 49_-85 ; 49_-86 ; 49_-87 ; 49_-88 ; 49_-91 ; 49_-92 ; 49_-93 ; 49_-94 ; 49_-95 ; 49_-96 ; 49_-97 ; 49_-98 ; 49_-99 ; 50_-100 ; 50_-101 ; 50_-103 ; 50_-104 ; 50_-105 ; 50_-106 ; 50_-107 ; 50_-108 ; 50_-110 ; 50_-111 ; 50_-112 ; 50_-113 ; 50_-114 ; 50_-115 ; 50_-116 ; 50_-117 ; 50_-119 ; 50_-120 ; 50_-121 ; 50_-122 ; 50_-65 ; 50_-66 ; 50_-91 ; 50_-92 ; 50_-93 ; 50_-95 ; 50_-96 ; 50_-97 ; 50_-98 ; 50_-99 ; 51_-100 ; 51_-101 ; 51_-104 ; 51_-105 ; 51_-106 ; 51_-110 ; 51_-111 ; 51_-112 ; 51_-113 ; 51_-114 ; 51_-116 ; 51_-120 ; 51_-123 ; 51_-93 ; 51_-96 ; 51_-99 ; 52_-101 ; 52_-104 ; 52_-105 ; 52_-106 ; 52_-107 ; 52_-108 ; 52_-111 ; 52_-112 ; 52_-113 ; 52_-114 ; 52_-115 ; 52_-122 ; 52_-125 ; 53_-101 ; 53_-105 ; 53_-106 ; 53_-107 ; 53_-108 ; 53_-109 ; 53_-110 ; 53_-111 ; 53_-112 ; 53_-113 ; 53_-114 ; 53_-115 ; 53_-116 ; 53_-120 ; 53_-122 ; 53_-123 ; 54_-101 ; 54_-102 ; 54_-110 ; 54_-111 ; 54_-112 ; 54_-113 ; 54_-114 ; 54_-122 ; 54_-123 ; 54_-127 ; 55_-114 ; 55_-119 ; 55_-123 ; 56_-117 ; 56_-118 ; 56_-121 ; 59_-111 ; 59_-112 ; 59_-133 ; 60_-112 ; 60_-123 ; 60_-134 ; 60_-135 ; 60_-136 ; 60_-137 ; 61_-121 ; 61_-136 ; 61_-137 ; 62_-114 ; 62_-136 ; 63_-135 ; 63_-137 ; 63_-138,,-4.374134495139181,-6.332825941365638,-5.976714277763166,-5.016799470567188,-3.7089921734405067,-2.747513352742126,-2.466511129929217,-48.87531029853569,-62.51899153324355,-60.32368204803272,-53.79361518840267,-43.273500525017504,-34.156831362764464,-31.244666080293637,3.8663148114364208,1.6968943199735145,1.3069899114446,824,410.375,223,1,-7:-4 %,Great Horned Owl
1995,2025,Alberta,survey_region,49_-110 ; 49_-111 ; 49_-112 ; 49_-113 ; 49_-114 ; 50_-110 ; 50_-111 ; 50_-112 ; 50_-113 ; 50_-114 ; 51_-110 ; 51_-111 ; 51_-112 ; 51_-113 ; 51_-114 ; 52_-111 ; 52_-112 ; 52_-113 ; 52_-114 ; 52_-115 ; 53_-110 ; 53_-111 ; 53_-112 ; 53_-113 ; 53_-114 ; 53_-115 ; 53_-116 ; 54_-110 ; 54_-111 ; 54_-112 ; 54_-113 ; 54_-114 ; 55_-114 ; 55_-119 ; 56_-117 ; 56_-118 ; 59_-111 ; 59_-112,,-2.402702946074448,-3.9254483086608665,-3.672701910266591,-2.9277976958023446,-1.8592879195392182,-1.1064245601320755,-0.8454039856489826,-51.790377975815495,-69.92185848304304,-67.4552181759656,-58.99408674570048,-43.052305866943996,-28.37867037493528,-22.485047918011368,3.080044323011884,4.386425535296698,1.089337998508647,175,83.87096774193549,38,1,-4:-2 %,Great Horned Owl
1995,2025,British Columbia,survey_region,48_-123 ; 49_-115 ; 49_-116 ; 49_-117 ; 49_-119 ; 49_-120 ; 49_-122 ; 49_-123 ; 49_-124 ; 50_-115 ; 50_-116 ; 50_-117 ; 50_-119 ; 50_-120 ; 50_-121 ; 50_-122 ; 51_-116 ; 51_-120 ; 51_-123 ; 52_-122 ; 52_-125 ; 53_-120 ; 53_-122 ; 53_-123 ; 54_-122 ; 54_-123 ; 54_-127 ; 55_-123 ; 56_-121 ; 59_-133,,0.321483970844727,-1.7776377920169686,-1.427101047032308,-0.36019398580594275,1.0117479453037925,2.028349186973412,2.3311163898363243,10.107888316832403,-41.613661951323245,-35.02805399883373,-10.259969597880081,35.25601721274407,82.65257618787065,99.63255653247617,4.108754181853293,0.8206774039232182,0.8956254926175945,80,35.774193548387096,30,1,-0.5:0.5 %,Great Horned Owl
1995,2025,Manitoba,survey_region,49_-100 ; 49_-95 ; 49_-96 ; 49_-97 ; 49_-98 ; 49_-99 ; 50_-100 ; 50_-95 ; 50_-96 ; 50_-97 ; 50_-98 ; 50_-99 ; 51_-100 ; 51_-101 ; 51_-96 ; 51_-99 ; 52_-101 ; 53_-101 ; 54_-101,,-2.358810634272046,-4.008589820685802,-3.7785920428215936,-2.939636981592025,-1.8149267707191135,-1.0227977734636902,-0.7613572646239962,-51.13568361412841,-70.69301418340453,-68.51155420349535,-59.143858992681686,-42.27498532061775,-26.53927581075375,-20.489499960040558,3.2472325560618054,0.6702333398196182,1.1306905256979733,134,56.41935483870968,19,1,-4:-2 %,Great Horned Owl
1995,2025,Maritimes,survey_region,43_-65 ; 44_-62 ; 44_-63 ; 44_-64 ; 44_-65 ; 44_-66 ; 45_-60 ; 45_-61 ; 45_-62 ; 45_-63 ; 45_-64 ; 45_-65 ; 45_-66 ; 45_-67 ; 46_-60 ; 46_-62 ; 46_-63 ; 46_-64 ; 46_-65 ; 46_-66 ; 46_-67 ; 47_-64 ; 47_-65 ; 47_-66 ; 47_-67,,-3.3632032405544687,-5.646800915811879,-5.246481723924298,-4.112867862770386,-2.598951991119822,-1.4634968106139916,-1.0866950466399543,-64.16760983310303,-82.51365871366659,-80.14543658728485,-71.63322985536796,-54.61535192635416,-35.74389626963503,-27.948767617623393,4.560105869171924,0.7404047455075015,1.1482754901558159,140,71.64516129032258,25,1,-4:-2 %,Great Horned Owl
1995,2025,Northwest Territories,survey_region,60_-112 ; 60_-123 ; 61_-121 ; 62_-114,,-0.7525126223517531,-4.18296117907984,-3.5890304575941854,-1.9326930743659596,0.43348777582938314,2.162203449778777,2.8348505781030804,-20.276630427643706,-72.2487626332743,-66.59637611713951,-44.31637779286825,13.856115386468426,89.9799235285146,131.31811378501402,7.017811757182921,0.08244638828176432,1.0589195792232209,4,2.2580645161290325,4,1,-1:-0.5 %,Great Horned Owl
1995,2025,Ontario,survey_region,42_-81 ; 43_-79 ; 44_-75 ; 44_-76 ; 44_-77 ; 44_-78 ; 44_-79 ; 44_-80 ; 44_-81 ; 45_-76 ; 45_-77 ; 45_-78 ; 45_-79 ; 45_-80 ; 45_-81 ; 45_-82 ; 46_-79 ; 46_-80 ; 46_-81 ; 46_-82 ; 46_-83 ; 47_-80 ; 47_-83 ; 48_-80 ; 48_-81 ; 48_-82 ; 48_-85 ; 48_-86 ; 48_-88 ; 48_-89 ; 48_-90 ; 48_-91 ; 48_-92 ; 48_-93 ; 48_-94 ; 49_-80 ; 49_-82 ; 49_-85 ; 49_-86 ; 49_-87 ; 49_-88 ; 49_-91 ; 49_-92 ; 49_-93 ; 49_-94 ; 50_-91 ; 50_-92 ; 50_-93 ; 51_-93,,-3.264836128730436,-4.819516710566051,-4.5619092489184405,-3.776616548398454,-2.7293278427097416,-1.9995389981070286,-1.7619696708576582,-63.05708572103072,-77.27849102559072,-75.35934298774039,-68.49215379959888,-56.402909401833966,-45.443869450075255,-41.33360447002358,3.0575470397083926,1.2341472690845432,1.2608432997092704,155,92.35483870967742,49,1,-4:-2 %,Great Horned Owl
1995,2025,Quebec,survey_region,45_-71 ; 45_-72 ; 45_-73 ; 45_-74 ; 46_-70 ; 46_-71 ; 46_-72 ; 46_-74 ; 46_-75 ; 46_-76 ; 46_-78 ; 47_-69 ; 48_-66 ; 48_-70 ; 48_-72 ; 48_-79 ; 49_-68 ; 50_-65 ; 50_-66,,-3.9847761605681153,-6.4698688453995805,-6.039298752749149,-4.760288361432774,-3.1680467674479154,-2.0366957356608975,-1.707446059150397,-70.474112382969,-86.55544237690194,-84.56923407272544,-76.85047113155585,-61.93193799076748,-46.06101639079282,-40.34888233112047,4.762422786249184,0.6951500019394339,0.7804533570084287,48,16.774193548387096,19,1,-4:-2 %,Great Horned Owl
1995,2025,Saskatchewan,survey_region,49_-101 ; 49_-102 ; 49_-104 ; 49_-105 ; 49_-106 ; 49_-107 ; 49_-108 ; 49_-109 ; 50_-101 ; 50_-103 ; 50_-104 ; 50_-105 ; 50_-106 ; 50_-107 ; 50_-108 ; 51_-104 ; 51_-105 ; 51_-106 ; 52_-104 ; 52_-105 ; 52_-106 ; 52_-107 ; 52_-108 ; 53_-105 ; 53_-106 ; 53_-107 ; 53_-108 ; 53_-109 ; 54_-102,,-3.193448890954975,-4.823343021457213,-4.550773259094222,-3.744821465359524,-2.612157738299076,-1.7770673678424451,-1.5001681951382095,-62.230395374516775,-77.30587759904604,-75.27294220816583,-68.17831907733316,-54.79959636199426,-41.60348860289956,-36.45742068706169,3.3231748263190037,5.19196841976716,0.9394295695888616,69,26.419354838709676,29,1,-4:-2 %,Great Horned Owl
1995,2025,Yukon,survey_region,60_-134 ; 60_-135 ; 60_-136 ; 60_-137 ; 61_-136 ; 61_-137 ; 62_-136 ; 63_-135 ; 63_-137 ; 63_-138,,-1.271290280494819,-4.455161920695203,-3.914861647104621,-2.3869797069494325,-0.08391304145503597,1.8287200089848423,2.435935813012433,-31.87541897532492,-74.51897681743237,-69.82226796887001,-51.55683102782618,-2.4869995784984056,72.22990149956074,105.8591635047129,6.891097733707636,0.3378144128505596,0.8364432014329526,19,7.483870967741935,10,1,-2:-1 %,Great Horned Owl
1995,2025,survey_wide,survey_wide,42_-81 ; 43_-65 ; 43_-79 ; 44_-62 ; 44_-63 ; 44_-64 ; 44_-65 ; 44_-66 ; 44_-75 ; 44_-76 ; 44_-77 ; 44_-78 ; 44_-79 ; 44_-80 ; 44_-81 ; 45_-60 ; 45_-61 ; 45_-62 ; 45_-63 ; 45_-64 ; 45_-65 ; 45_-66 ; 45_-67 ; 45_-71 ; 45_-72 ; 45_-73 ; 45_-74 ; 45_-76 ; 45_-77 ; 45_-78 ; 45_-79 ; 45_-80 ; 45_-81 ; 45_-82 ; 46_-60 ; 46_-62 ; 46_-63 ; 46_-64 ; 46_-65 ; 46_-66 ; 46_-67 ; 46_-70 ; 46_-71 ; 46_-72 ; 46_-74 ; 46_-75 ; 46_-76 ; 46_-78 ; 46_-79 ; 46_-80 ; 46_-81 ; 46_-82 ; 46_-83 ; 47_-64 ; 47_-65 ; 47_-66 ; 47_-67 ; 47_-69 ; 47_-80 ; 47_-83 ; 48_-123 ; 48_-66 ; 48_-70 ; 48_-72 ; 48_-79 ; 48_-80 ; 48_-81 ; 48_-82 ; 48_-85 ; 48_-86 ; 48_-88 ; 48_-89 ; 48_-90 ; 48_-91 ; 48_-92 ; 48_-93 ; 48_-94 ; 49_-100 ; 49_-101 ; 49_-102 ; 49_-104 ; 49_-105 ; 49_-106 ; 49_-107 ; 49_-108 ; 49_-109 ; 49_-110 ; 49_-111 ; 49_-112 ; 49_-113 ; 49_-114 ; 49_-115 ; 49_-116 ; 49_-117 ; 49_-119 ; 49_-120 ; 49_-122 ; 49_-123 ; 49_-124 ; 49_-68 ; 49_-80 ; 49_-82 ; 49_-85 ; 49_-86 ; 49_-87 ; 49_-88 ; 49_-91 ; 49_-92 ; 49_-93 ; 49_-94 ; 49_-95 ; 49_-96 ; 49_-97 ; 49_-98 ; 49_-99 ; 50_-100 ; 50_-101 ; 50_-103 ; 50_-104 ; 50_-105 ; 50_-106 ; 50_-107 ; 50_-108 ; 50_-110 ; 50_-111 ; 50_-112 ; 50_-113 ; 50_-114 ; 50_-115 ; 50_-116 ; 50_-117 ; 50_-119 ; 50_-120 ; 50_-121 ; 50_-122 ; 50_-65 ; 50_-66 ; 50_-91 ; 50_-92 ; 50_-93 ; 50_-95 ; 50_-96 ; 50_-97 ; 50_-98 ; 50_-99 ; 51_-100 ; 51_-101 ; 51_-104 ; 51_-105 ; 51_-106 ; 51_-110 ; 51_-111 ; 51_-112 ; 51_-113 ; 51_-114 ; 51_-116 ; 51_-120 ; 51_-123 ; 51_-93 ; 51_-96 ; 51_-99 ; 52_-101 ; 52_-104 ; 52_-105 ; 52_-106 ; 52_-107 ; 52_-108 ; 52_-111 ; 52_-112 ; 52_-113 ; 52_-114 ; 52_-115 ; 52_-122 ; 52_-125 ; 53_-101 ; 53_-105 ; 53_-106 ; 53_-107 ; 53_-108 ; 53_-109 ; 53_-110 ; 53_-111 ; 53_-112 ; 53_-113 ; 53_-114 ; 53_-115 ; 53_-116 ; 53_-120 ; 53_-122 ; 53_-123 ; 54_-101 ; 54_-102 ; 54_-110 ; 54_-111 ; 54_-112 ; 54_-113 ; 54_-114 ; 54_-122 ; 54_-123 ; 54_-127 ; 55_-114 ; 55_-119 ; 55_-123 ; 56_-117 ; 56_-118 ; 56_-121 ; 59_-111 ; 59_-112 ; 59_-133 ; 60_-112 ; 60_-123 ; 60_-134 ; 60_-135 ; 60_-136 ; 60_-137 ; 61_-121 ; 61_-136 ; 61_-137 ; 62_-114 ; 62_-136 ; 63_-135 ; 63_-137 ; 63_-138,,-2.6329972474077366,-3.755212210568481,-3.5842018971825573,-3.013938095722754,-2.268392356780766,-1.7190433554116777,-1.5222994787903141,-55.08886402671984,-68.28121239431135,-66.54615678630195,-60.0717975543276,-49.759808734362046,-40.55966104187658,-36.88436227280252,2.2329127317781667,1.9404220092278315,1.2880755400051551,824,393,223,1,-4:-2 %,Great Horned Owl
